{"stats":{"minecraft:killed_by":{"minecraft:skeleton":4,"minecraft:creeper":2,"minecraft:zombie":2,"kevin_trophy:blister_zombie":5},"minecraft:mined":{"minecraft:grass":5,"minecraft:grass_block":12,"minecraft:dirt":14,"minecraft:tall_grass":4,"minecraft:birch_leaves":41,"minecraft:dandelion":1,"minecraft:oak_leaves":62},"minecraft:custom":{"minecraft:time_since_rest":396,"minecraft:crouch_one_cm":946,"minecraft:sprint_one_cm":29424,"minecraft:play_time":11506,"minecraft:deaths":13,"minecraft:damage_taken":3757,"minecraft:walk_one_cm":13634,"minecraft:sneak_time":533,"minecraft:walk_under_water_one_cm":1555,"minecraft:drop":3,"minecraft:jump":187,"minecraft:damage_dealt":54,"minecraft:leave_game":1,"minecraft:walk_on_water_one_cm":1354,"minecraft:time_since_death":369,"minecraft:total_world_time":11506,"minecraft:swim_one_cm":13303,"minecraft:fall_one_cm":20366,"minecraft:fly_one_cm":64474},"minecraft:dropped":{"twigs:twig":5,"minecraft:dandelion":4},"minecraft:used":{"minecraft:dirt":29,"minecraft:oak_sapling":1,"minecraft:dandelion":1},"minecraft:picked_up":{"minecraft:dandelion":5,"minecraft:oak_sapling":1,"twigs:twig":5,"minecraft:dirt":43}},"DataVersion":3120}