{"stats":{"minecraft:mined":{"minecraft:grass":5,"minecraft:grass_block":9,"minecraft:tall_grass":4,"minecraft:dandelion":1},"minecraft:custom":{"minecraft:time_since_rest":158,"minecraft:crouch_one_cm":79,"minecraft:play_time":6274,"minecraft:sprint_one_cm":12698,"minecraft:walk_one_cm":7020,"minecraft:damage_taken":1130,"minecraft:deaths":4,"minecraft:sneak_time":28,"minecraft:jump":106,"minecraft:damage_dealt":37,"minecraft:leave_game":1,"minecraft:time_since_death":0,"minecraft:total_world_time":6274,"minecraft:fall_one_cm":10850,"minecraft:fly_one_cm":35656},"minecraft:used":{"minecraft:dirt":9,"minecraft:dandelion":1},"minecraft:killed_by":{"minecraft:skeleton":1,"minecraft:creeper":1,"kevin_trophy:blister_zombie":2},"minecraft:picked_up":{"minecraft:dandelion":1,"minecraft:dirt":9}},"DataVersion":3120}