{"stats":{"minecraft:killed_by":{"minecraft:skeleton":4,"minecraft:creeper":2,"minecraft:zombie":3,"kevin_trophy:blister_zombie":5},"minecraft:mined":{"minecraft:grass":5,"minecraft:grass_block":13,"minecraft:dirt":15,"minecraft:tall_grass":5,"minecraft:birch_leaves":41,"minecraft:dandelion":1,"minecraft:oak_leaves":62},"minecraft:custom":{"minecraft:time_since_rest":4941,"minecraft:crouch_one_cm":980,"minecraft:sprint_one_cm":33210,"minecraft:play_time":18556,"minecraft:deaths":14,"minecraft:damage_taken":4110,"minecraft:walk_one_cm":14514,"minecraft:sneak_time":652,"minecraft:walk_under_water_one_cm":1555,"minecraft:drop":3,"minecraft:jump":214,"minecraft:damage_dealt":54,"minecraft:leave_game":2,"minecraft:walk_on_water_one_cm":1354,"minecraft:time_since_death":1637,"minecraft:total_world_time":18556,"minecraft:swim_one_cm":13303,"minecraft:fall_one_cm":23567,"minecraft:fly_one_cm":72065},"minecraft:dropped":{"twigs:twig":5,"minecraft:dandelion":4},"minecraft:used":{"minecraft:dirt":33,"minecraft:oak_sapling":1,"minecraft:dandelion":1},"minecraft:picked_up":{"minecraft:dandelion":5,"minecraft:oak_sapling":1,"twigs:twig":5,"minecraft:dirt":52}},"DataVersion":3120}